1,./aligned-images/Arnold_Schwarzenegger/Arnold_Schwarzenegger_0004.png
1,./aligned-images/Arnold_Schwarzenegger/Arnold_Schwarzenegger_0016.png
1,./aligned-images/Arnold_Schwarzenegger/Arnold_Schwarzenegger_0039.png
1,./aligned-images/Arnold_Schwarzenegger/Arnold_Schwarzenegger_0007.png
1,./aligned-images/Arnold_Schwarzenegger/Arnold_Schwarzenegger_0015.png
1,./aligned-images/Arnold_Schwarzenegger/Arnold_Schwarzenegger_0032.png
1,./aligned-images/Arnold_Schwarzenegger/Arnold_Schwarzenegger_0002.png
1,./aligned-images/Arnold_Schwarzenegger/Arnold_Schwarzenegger_0017.png
1,./aligned-images/Arnold_Schwarzenegger/Arnold_Schwarzenegger_0037.png
1,./aligned-images/Arnold_Schwarzenegger/Arnold_Schwarzenegger_0034.png
1,./aligned-images/Arnold_Schwarzenegger/Arnold_Schwarzenegger_0028.png
1,./aligned-images/Arnold_Schwarzenegger/Arnold_Schwarzenegger_0008.png
1,./aligned-images/Arnold_Schwarzenegger/Arnold_Schwarzenegger_0041.png
1,./aligned-images/Arnold_Schwarzenegger/Arnold_Schwarzenegger_0018.png
1,./aligned-images/Arnold_Schwarzenegger/Arnold_Schwarzenegger_0038.png
1,./aligned-images/Arnold_Schwarzenegger/Arnold_Schwarzenegger_0014.png
1,./aligned-images/Arnold_Schwarzenegger/Arnold_Schwarzenegger_0042.png
1,./aligned-images/Arnold_Schwarzenegger/Arnold_Schwarzenegger_0040.png
1,./aligned-images/Arnold_Schwarzenegger/Arnold_Schwarzenegger_0012.png
1,./aligned-images/Arnold_Schwarzenegger/Arnold_Schwarzenegger_0010.png
1,./aligned-images/Arnold_Schwarzenegger/Arnold_Schwarzenegger_0025.png
1,./aligned-images/Arnold_Schwarzenegger/Arnold_Schwarzenegger_0031.png
1,./aligned-images/Arnold_Schwarzenegger/Arnold_Schwarzenegger_0023.png
1,./aligned-images/Arnold_Schwarzenegger/Arnold_Schwarzenegger_0005.png
1,./aligned-images/Arnold_Schwarzenegger/Arnold_Schwarzenegger_0036.png
1,./aligned-images/Arnold_Schwarzenegger/Arnold_Schwarzenegger_0011.png
1,./aligned-images/Arnold_Schwarzenegger/Arnold_Schwarzenegger_0027.png
1,./aligned-images/Arnold_Schwarzenegger/Arnold_Schwarzenegger_0024.png
1,./aligned-images/Arnold_Schwarzenegger/Arnold_Schwarzenegger_0029.png
1,./aligned-images/Arnold_Schwarzenegger/Arnold_Schwarzenegger_0013.png
1,./aligned-images/Arnold_Schwarzenegger/Arnold_Schwarzenegger_0003.png
1,./aligned-images/Arnold_Schwarzenegger/Arnold_Schwarzenegger_0026.png
1,./aligned-images/Arnold_Schwarzenegger/Arnold_Schwarzenegger_0035.png
1,./aligned-images/Arnold_Schwarzenegger/Arnold_Schwarzenegger_0001.png
1,./aligned-images/Arnold_Schwarzenegger/Arnold_Schwarzenegger_0033.png
1,./aligned-images/Arnold_Schwarzenegger/Arnold_Schwarzenegger_0006.png
1,./aligned-images/Arnold_Schwarzenegger/Arnold_Schwarzenegger_0020.png
1,./aligned-images/Arnold_Schwarzenegger/Arnold_Schwarzenegger_0019.png
1,./aligned-images/Arnold_Schwarzenegger/Arnold_Schwarzenegger_0022.png
1,./aligned-images/Arnold_Schwarzenegger/Arnold_Schwarzenegger_0030.png
1,./aligned-images/Arnold_Schwarzenegger/Arnold_Schwarzenegger_0021.png
1,./aligned-images/Arnold_Schwarzenegger/Arnold_Schwarzenegger_0009.png
2,./aligned-images/scarlet_johansson/scarlet_johansson_0002.png
2,./aligned-images/scarlet_johansson/scarlet_johansson_0004.png
2,./aligned-images/scarlet_johansson/scarlet_johansson_0006.png
2,./aligned-images/scarlet_johansson/scarlet_johansson_0001.png
2,./aligned-images/scarlet_johansson/scarlet_johansson_0008.png
2,./aligned-images/scarlet_johansson/scarlet_johansson_0010.png
2,./aligned-images/scarlet_johansson/scarlet_johansson_0007.png
2,./aligned-images/scarlet_johansson/scarlet_johansson_0009.png
2,./aligned-images/scarlet_johansson/scarlet_johansson_0003.png
2,./aligned-images/scarlet_johansson/scarlet_johansson_0005.png
